,acc,,,,,,,,
0,[0.8439934  0.88276568 0.90792739 0.89717822 0.94985479 0.85369637 1.],,,,,,,,
,,한국,,,,,,,
,,mixLSTM,1번,2번,3번,4번,5번,6번,7번
,,,0.844,0.8828,0.9079,0.8972,0.9499,0.8537,1
,,,,,,,,,
,,,,,,,,,
,,convLSTM,1번,2번,3번,4번,5번,6번,7번
,,,0.8424,0.8833,0.9077,0.8975,0.9496,0.8544,1
,,,,,,,,,
,,cnnLSTM,1번,2번,3번,4번,5번,6번,7번
,,,0.8430 ,0.8840 ,0.9071 ,0.8977 ,0.9498 ,0.8541 ,1.0000 
