,time,real time
0,570.6241353,570.6241353
1,1655.066462,1084.442327
2,2906.719905,1251.653443
3,4231.801095,1325.08119
4,5516.79105,1284.989955
5,6393.611391,876.8203406
